{"Min_Pan":0.0,"Max_Pan":360.0,"Min_Tilt":0.0,"Max_Tilt":3600.0,"StartPosition_x":87.0,"StartPosition_y":20.0,"ChangeValue_x":1.1330000162124634,"ChangeValue_y":0.8330000042915344,"WaitingTime":300,"CCTVURL_1":"172.30.1.23"}