{"LabelName":"BeanGoose","Label_X":4200.71875,"Label_Y":2254.501708984375,"LabelScale":1.0}{"LabelName":"Gari","Label_X":10311.5625,"Label_Y":2829.000244140625,"LabelScale":1.0}{"LabelName":"Swan","Label_X":4200.71875,"Label_Y":2254.501708984375,"LabelScale":1.0}{"LabelName":"WCrane","Label_X":4994.7041015625,"Label_Y":1211.2845458984375,"LabelScale":1.0}{"LabelName":"Spoonbill","Label_X":6099.7353515625,"Label_Y":2204.08154296875,"LabelScale":1.0}{"LabelName":"Goshawk","Label_X":10311.5625,"Label_Y":2829.000244140625,"LabelScale":1.0}{"LabelName":"Eagle","Label_X":10311.5625,"Label_Y":2829.000244140625,"LabelScale":1.0}{"LabelName":"MallardDuck","Label_X":10311.5625,"Label_Y":2829.000244140625,"LabelScale":1.0}{"Min_Pan":0.0,"Max_Pan":360.0,"Min_Tilt":0.0,"Max_Tilt":3600.0,"StartPosition_x":8772.0,"StartPosition_y":2210.0,"ChangeValue_x":1.1330000162124634,"ChangeValue_y":0.8330000042915344,"WaitingTime":300,"CCTVURL":"172.30.1.26"}