{"LabelName":"BeanGoose","Label_X":42.71875,"Label_Y":5.501708984375,"LabelScale":1.0}{"LabelName":"Gari","Label_X":50.5625,"Label_Y":2.000244140625,"LabelScale":1.0}{"LabelName":"Swan","Label_X":55.71875,"Label_Y":-1.501708984375,"LabelScale":1.0}{"LabelName":"WCrane","Label_X":60.7041015625,"Label_Y":0.2845458984375,"LabelScale":1.0}{"LabelName":"Spoonbill","Label_X":65.7353515625,"Label_Y":3.08154296875,"LabelScale":1.0}{"LabelName":"Goshawk","Label_X":70.5625,"Label_Y":0.000244140625,"LabelScale":1.0}{"LabelName":"Eagle","Label_X":75.5625,"Label_Y":5.000244140625,"LabelScale":1.0}{"LabelName":"MallardDuck","Label_X":80.5625,"Label_Y":4.000244140625,"LabelScale":1.0}{"Min_Pan":0.0,"Max_Pan":360.0,"Min_Tilt":0.0,"Max_Tilt":360.0,"StartPosition_x":87.0,"StartPosition_y":22.0,"ChangeValue_x":1.1330000162124634,"ChangeValue_y":26.930000042915344,"WaitingTime":300,"CCTVURL_1":"172.30.1.26"}