{"LabelName":"BeanGoose","Label_X":132.71875,"Label_Y":-12.501708984375,"LabelScale":1.0}{"LabelName":"Mallard","Label_X":140.5625,"Label_Y":-13.000244140625,"LabelScale":1.0}{"LabelName":"Swan","Label_X":155.71875,"Label_Y":-11.501708984375,"LabelScale":1.0}{"LabelName":"Sparrow","Label_X":60.7041015625,"Label_Y":-10.2845458984375,"LabelScale":1.0}{"LabelName":"Coot","Label_X":165.7353515625,"Label_Y":-13.08154296875,"LabelScale":1.0}{"LabelName":"Egret","Label_X":170.5625,"Label_Y":-10.000244140625,"LabelScale":1.0}{"LabelName":"Galdae","Label_X":205.5625,"Label_Y":-15.000244140625,"LabelScale":1.0}{"LabelName":"Gangi","Label_X":182.5625,"Label_Y":-14.000244140625,"LabelScale":1.0}{"LabelName":"Nangi","Label_X":150.5625,"Label_Y":-14.000244140625,"LabelScale":1.0}{"LabelName":"Ssuk","Label_X":135.5625,"Label_Y":-14.000244140625,"LabelScale":1.0}{"LabelName":"Budtree","Label_X":126.5,"Label_Y":-12.000244140625,"LabelScale":1.0}{"Min_Pan":130.0,"Max_Pan":360.0,"Min_Tilt":-40.0,"Max_Tilt":30.0,"StartPosition_x":151.26,"StartPosition_y":-13.17,"ChangeValue_x":36.9330000162124634,"ChangeValue_y":33.30330000042915344,"WaitingTime":300,"CCTVURL_1":"172.30.1.26"}